<?xml version="1.0" encoding="UTF-8"?>
<project-private xmlns="http://www.netbeans.org/ns/project-private/1">
    <editor-bookmarks xmlns="http://www.netbeans.org/ns/editor-bookmarks/2" lastBookmarkId="0"/>
    <open-files xmlns="http://www.netbeans.org/ns/projectui-open-files/2">
        <group>
            <file>file:/C:/Users/franc/MPLABXProjects/CarBlackBoxProjectBolanos.X/screens.c</file>
            <file>file:/C:/Users/franc/MPLABXProjects/CarBlackBoxProjectBolanos.X/keypad.h</file>
            <file>file:/C:/Users/franc/MPLABXProjects/CarBlackBoxProjectBolanos.X/main.c</file>
            <file>file:/C:/Users/franc/MPLABXProjects/CarBlackBoxProjectBolanos.X/screens.h</file>
            <file>file:/C:/Users/franc/MPLABXProjects/CarBlackBoxProjectBolanos.X/eeprom_data.h</file>
            <file>file:/C:/Users/franc/MPLABXProjects/CarBlackBoxProjectBolanos.X/keypad.c</file>
            <file>file:/C:/Users/franc/MPLABXProjects/CarBlackBoxProjectBolanos.X/eeprom_data.c</file>
            <file>file:/C:/Users/franc/MPLABXProjects/CarBlackBoxProjectBolanos.X/clcd.h</file>
            <file>file:/C:/Users/franc/MPLABXProjects/CarBlackBoxProjectBolanos.X/clcd.c</file>
        </group>
    </open-files>
</project-private>
